id,url,content
1,https://www.nytimesn7cgmftshazwhfgzm37qxb44r64ytbb2dj3x62d2lljsciiyd.onion,
2,http://darkfailenbsdla5mal2mxn2uz66od5vtzd5qozslagrfzachha3f3id.onion,ark fai l tor sites online dark fail onion site online updated mon 26 aug 2024 14 41 57 utc mastodon twitter new verify signatures dark fail new pgp tool get phished always pgp verify onion bitcoin addresses interacting tor uncensored internet install tor browser explore set darkfailenbsdla5mal2mxn2uz66od5vtzd5qozslagrfzachha3f3id onion home page save time links pgp verified unclickable safety dark fail philosophy finances resource intended researchers vouch sites dread http g66ol3eb5ujdckzqqfmjsbpdjufmjd5nsgdipvxmsh7rckzlhywlzlqd onion http dreadytofatroptsdj6io7l3xptbet6onoyno2yv7jicoxknyazubrad onion recon offline http recon222tttn4ob7ujdhbn3s4gjre7netvzybuvbq2bcqwltkiqinhad onion libre forum offline http libreeunomyly6ot7kspglmbd5cvlkogib6rozy43r2glatc6rmwauqd onion kilos offline http mlyusr6htlxsyc7t2f4z53wdxh3win7q3qpxcrbam6jf3dmua7tnzuyd onion asap market offline http asap4u7rq4tyakf5gdahmj2c77blwc4noxnsppp5lzlhk7x34x2e22yd onion http asap4u2ihsunfdsumm66pmado3mt3lemdiu3fbx5b7wj5hb3xpgmwkqd onion http asap2u4pvplnkzl7ecle45wajojnftja45wvovl3jrvhangeyq67ziid onion archetyp market http 4pt4axjgzmm4ibmxplfiuvopxzf775e5bqseyllafcecryfthdupjwyd onion incognito market offline http incognitox3vs5grdnmh52k35m64vib5fsbdrxzilujjptiqzeyrxhid onion http incognito2sjotqmbkys7wivkpq7d4a4tkpweoiqefk7mpf7uvyfalad onion http incognitolonzsx5xjswcbuchyasvwnq5tqxvmprys2mpopsmyn3p5id onion http incognito75yd2w2qylg7xadz2rd7o2peqt5gcvmd2irxqbqj7c6exid onion tor market offline http rrlm2f22lpqgfhyydqkxxzv6snwo5qvc2krjt2q557l7z4te7fsvhbid onion hydra http hydraclubbioknikokex7njhwuahc2l67lfiz7z36md2jvopda7nchid onion offline http hydraruzxpnew4af onion tor2door market offline http t2d4guudlshmyuwhd5tse2n247j5pyikztdfv2ejfrmlj4jf2lnruwad onion http yzrrne3pveltulbavydr2kiashvlnysdwclwmklo6cyjuqpxi7ku4xqd onion http qgma4evyuxoqw6zolgk3y5nsjnd7mbzmuqvajlwop3jbakghe34puuad onion http t2dv3bc67573c5f7mrfnflekuzhs5lt2c6rcq3k2acp5j72poeua5bad onion alphabay offline http alphabay522szl32u4ci5e3iokdsyth56ei7rwngr2wm7i5jo54j2eid onion bohemia market offline http bohemiaobbpsjvkexpdpnekqai2ebi32xgr6sbhdpapipv547rm6jhad onion http bohemiaobko4cecexkj5xmlaove6yn726dstp5wfw4pojjwp6762paqd onion exploit forum http exploitivzcm5dawzhe6c32bbylyggbjvh5dyvsvb5lkuz5ptmunkmqd onion wannabuy rdp offline http wannab666qqm2nhtkqmwwps3x2wu2bv33ayvmf4jyb6g3ibmitdzkcyd onion swp cx http uicrmrl3i4r66c4fx4l5gv5hdb6jrzy72bitrk25w5dhv5o6sxmajxqd onion cryptostamps http lgh3eosuqrrtvwx3s4nurujcqrm53ba5vqsbim5k5ntdpo33qkl7buyd onion 0xacab http wmj5kiic7b6kjplpbvwadnht2nh2qnkbnqtcv3dyvpqtz7ssbssftxid onion archive http archiveiya74codqgiixo33q62qlrqtkgmcitqx5u2oeqnmn5bpcbiyd onion bbc https www bbcnewsd73hkzno2ini43t4gblxvycyac5aw4gnv7t2rccijh7745uqd onion pornhub offline http pornhubvybmsymdol4iibwgwtkpwmeyd6luq2gxajgjzfjvotyt5zhyd onion propublica http p53lf57qovyuvwsc6xnrppyply3vtqm7l6pcobkmyqsiofyeznfu5uqd onion protonmail https protonmailrmez3lotccipshtkleegetolb73fuirgj7r4o4vfu7ozyd onion riseup http vww6ybal4bd7szmgncyruucpgfkqahzddi37ktceo3ah7ngmcopnpyyd onion intercept offline https 27m3p2uv7igmj6kvd4ql3cct5h3sdwrsajovkkndeufumzyfhlfev4qd onion new york times https www nytimesn7cgmftshazwhfgzm37qxb44r64ytbb2dj3x62d2lljsciiyd onion offline https nytimes3xbfgragh onion torbox email http torbox36ijlcevujx7mjb4oiusvwgvmue7jfn2cvutwa6kl6to3uyqad onion tech learning collective http lpiyu33yusoalp5kh3f4hak2so2sjjvjw5ykyvu2dulzosgvuffq6sad onion blockchair http blkchairbknpn73cfjhevhla7rkp4ed5gg2knctvv7it4lioy22defid onion agoradesk http 2jopbxfi2mrw6pfpmufm7smacrgniglr7a4raaila3kwlhlumflxfxad onion localmonero co http nehdddktmhvqklsnkjqcbpmb63htee2iznpcbs5tgzctipxykpj6yrid onion tor project http 2gzyxa5ihm7nsggfxnu52rck2vv4rvmdlkiu3zzui5du4xyclen53wid onion xmrguide offline http monero3tssjogwg5rj37hiawndkwge5eio5wtgwvt32fvzu5drpmzlqd onion cryptostorm vpn http stormwayszuh4juycoy4kwoww5gvcu2c4tdtpkup667pdwe4qenzwayd onion mullvad vpn http o54hon2e2vj6c7m3aqqu6uyece65by3vgoxxhlqlsvkmacw6a7m7kiad onion njal la http njallalafimoej5i4eg7vlnqjvmb6zhdh27qxcatdn647jtwwwui3nad onion duckduckgo https duckduckgogg42xjoc72x3sjasowoarfbgcmvfimaftt6twagswzczad onion facebook https facebookwkhpilnemxj7asaniu7vnjjbiltxjqhye3mhbshg7kx5tfyd onion keybase http keybase5wmilwokqirssclfnsqrjdsi7jdir5wy7y7iu3tanwmtp6oid onion 8kun offline http 8kun top qulatc2tl34vwefcc2pbsxi7vennhbew57jbl2d3pbhvjhozkoizdoqd onion endchan http enxx3byspwsdo446jujc52ucy2pf5urdbhqw3kbsfhlfjwmbpj5smdad onion distributed denial secrets offline http ddosxlvzzow7scc7egy75gpke54hgbg2frahxzaw6qq5osnzm7wistid onion secmail offline http secmailw453j7piv onion coinpayments offline https coinpaymtstgtibr onion sks pgp keyserver pool offline http jirk5u4osbsr34t5 onion pirate bay http piratebayo3klnzokct3wt5yyxb2vpebbuyjl7m623iaxmqhsd52coid onion keys openpgp org http zkaan2xfbuxia2wpf7ofnkbz6r5zdbbvxbunvp5g2iebopbfc4iqmbad onion cia official onion site http ciadotgov4sjwlzihbbgxnqg3xiyrg7so2r2o3lt5wz5ypk4sxyjstad onion usa ncide task force http ncidetfs7banpz2d7vpndev5somwoki5vwdpfty2k7javniujekit6ad onion dark fail http darkfailenbsdla5mal2mxn2uz66od5vtzd5qozslagrfzachha3f3id onion offline http darkfailllnkf4vf onion philosophy always fast one server request tracking ever javascript ever accurate urls verified pgp direct linking order protect dns leaks accidental clicking clearnet browser knowledge onion site uptime important many cybersecurity researchers site provided information endorsements made implied regarding sites organizations mentioned want link listed removed email hello dark fail jabber darkdotfail jabber calyxinstitute org defend right privacy donate eff donations appreciated dark fail supported users sites pay placement advertisements affiliate links ever used resource helped please consider sending contribution monero 8benwznwpzwdqkblqvgvdtnt9whn4lduy4ppblngasxc8gkp1n7hdzjjdy9guiwx3zltvhnteiypsxr8tegpr5ngnjtehzw pgp key darkdotfail current key available pgp txt pgp key rotation history terms conditions privacy policy warning might phishing site check official twitter darkdotfail see real url site always dot words dark fail
3,https://mastodon.social/@darkdotfail,
4,https://nitter.dark.fail/darkdotfail,
5,https://www.torproject.org,
6,https://supporters.eff.org/,
7,http://http://p53lf57qovyuvwsc6xnrppyply3vtqm7l6pcobkmyqsiofyeznfu5uqd.onion,
8,http://darkzzx4avcsuofgfez5zq75cqc4mprjvfqywo45dfcaxrwqg6qrlfid.onion/,darknet market news links guides darknetlive darknetlive contact darknet markets onion links article tags attention bohemia currently facing withdrawal login issues market staff unresponsive scamming accusations pennsylvania family sold counterfeit pills dark web published 2024 03 06 using 399 words tagged darkweb vendor pleaded guilty german forum crimemarket seized published 2024 03 05 using 202 words tagged arrested forums hugbunter attempt smear two birds one stone published 2024 03 05 using 293 words tagged dread kansas city man imprisoned distributing meth heroin published 2024 03 02 using 212 words tagged darkweb vendor sentenced australian woman paid parents murder published 2024 02 29 using 200 words tagged murder murder hire pleaded guilty counterfeit adderall vendors mrjohnson nuveodeluxe allstaterx busted published 2024 02 26 using 805 words tagged arrested darkweb vendor drug bust drugs california woman imprisoned distributing drugs published 2024 02 24 using 290 words tagged darkweb vendor sentenced operation cronos lockbit ransomware operations disrupted published 2024 02 22 using 429 words tagged ransomware sanctioned seized 1 2 3 146 donate pgp key mirrors canary contact rss atom json darknetlive 2023 donate bitcoin btc bc1q3x54q4arhut3tgat90cxdhfjtdpa0ermy0qshz monero xmr 866btbpkj16mewdgjvsrwm2cfeqfuitzqqmfyocna6f5fw9mcbzxw3sfnuo4r7mnlspbhtjurrt8dyjbypo3zqdxkp6ec5f
9,http://nv3x2jozywh63fkohn5mwp2d73vasusjixn3im3ueof52fmbjsigw6ad.onion,comic book library home titles publishers years creators tags scanners recent random links comic book library total comics 3534 library updated 2024 08 21 e mail captaingoat airmail cc
10,https://www.bbcnewsd73hkzno2ini43t4gblxvycyac5aw4gnv7t2rccijh7745uqd.onion,bbc home bbc homepage skip content accessibility help account home news sport earth reel worklife travel menu menu search bbc home news sport earth reel worklife travel culture future music tv weather sounds close menu welcome bbc bbc homepage live tributes paid former england manager sven goran eriksson dies aged 76 attribution football live family fears lost everything firefighters control blaze east london attribution london live russia hits energy targets striking ukraine 200 drones missiles attribution europe lebanese relief hezbollah israel seem step back brink attribution middle east live watch adult day draws thousands notting hill carnival final parade attribution news gallagher brothers tease oasis reunion attribution culture qantas sells cut price first class fares mistake attribution business homes wales bins uk attribution wales global attention cricketer 0 137 attribution derby sport headlines keep latest bbc sport former england manager eriksson dies aged 76 attribution football comments 816 remembering eriksson england groundbreaking boss video 00 02 49 remembering eriksson england groundbreaking boss attribution football 2 49 engaging courteous touch steel attribution football brighton sign celtic midfielder riley 25m attribution scottish prem comments 36 ko career highlight win banishes achiever tag attribution golf comments 47 view around uk top stories england scotland wales northern ireland four arrested fatal house fire attribution england scotrail driver strikes hold reduced timetable continues attribution scotland business cut meals wheels plead older people attribution wales hope first search capt robert nairac begins attribution northern ireland find regional news attribution news view entertainment tv latest news must see moments live lounge day emotional covers ever seen attribution bbc radio 1 sharon osbourne tries track mystery fan found wedding ring attribution birmingham black country kirstie allsopp felt sick social services referral attribution news oasis release lost recordings amid reunion rumours attribution wales pictures highlights weekend music reading festival attribution berkshire record labels forgot songs existed one man rescued attribution culture fill bank holiday gripping new programmes iplayer attribution media centre view arts culture hull comic wins best comedy show edinburgh fringe attribution edinburgh fife east oasis definitely maybe artwork live forever attribution england errollyn wallen made master king music attribution culture piece music inspired countless sci fi film scores attribution bbc proms view bbc proms 2024 unmissable performances festival far watch sam smith perform iconic debut album bbc proms video 103 minutes watch sam smith perform iconic debut album bbc proms attribution bbc radio 3 103 mins disco proms incredible double bill gloria gaynor classics video 5 minutes disco proms incredible double bill gloria gaynor classics attribution bbc radio 3 5 mins movie night epic soundtracks modern blockbusters video 118 minutes movie night epic soundtracks modern blockbusters attribution bbc radio 3 118 mins nick drake celebrate one great poets folk rock movement audio 149 minutes nick drake celebrate one great poets folk rock movement attribution bbc radio 3 149 mins history made sir mark elder conducts hallé final time video 115 minutes history made sir mark elder conducts hallé final time attribution bbc radio 3 115 mins view food recipes meal ideas cooking tips updated daily keep inspired viral recipes recreate home feta pasta tiktok wraps attribution bbc food nigella tasty brunch recipe complete sensation attribution bbc food foods really cure hangover attribution bbc food chef shares number one mistake people make barbecues video 00 01 17 chef shares number one mistake people make barbecues attribution bbc radio 5 live 1 17 surprising freezer hacks could save hundreds pounds video 00 09 01 surprising freezer hacks could save hundreds pounds attribution bbc one 9 01 view r ock n roll star r ock n roll star unmissable moments reading leeds festivals year edition delivered explosive mix legendary acts rising stars unforgettable performances attribution bbc radio 1 relive magic burst tears 25 years leeds festival attribution england iconic photos weekend attribution bbc radio 1 check must watch tracks video check must watch tracks attribution bbc radio 1 health wellbeing promising lung cancer vaccine trial begins uk attribution health ham sandwich day increase risk diabetes attribution health people thought drunk parkinson attribution england slimming jabs thought body shutting attribution england view uplifting stories train station cat becomes popular gets google maps marker attribution birmingham black country van life never old adventure video 00 01 38 van life never old adventure attribution bbc radio 4 1 38 tattoo artist defies doubters told deafness would issue attribution hull east yorkshire five amazing prehistoric sites visit today uk attribution bbc bitesize winning tour de france pain suffering excitement euphoria audio 50 minutes winning tour de france pain suffering excitement euphoria attribution bbc world service 50 mins science nature want breathe new life hemp weaving industry attribution suffolk lidl remove death trap hedgehog huts stores attribution northern ireland many footpaths simply lost attribution england comments 1221 five times movies got science right attribution bbc bitesize get close africa magnificent felines big cats 24 7 video 58 minutes get close africa magnificent felines big cats 24 7 attribution bbc two 58 mins society gen z millennials hung answering phone attribution news tourists urged overwhelm popular village attribution wiltshire beach ghost railway mystery finally solved attribution norfolk bbc news app find top stories breaking news live reporting plus follow topics match interests download new coming soon iplayer messy family dynamics facing parenthood attribution comedy five boys one dream attribution entertainment story unlikely cricket tour attribution factual epic tale seduction immortality attribution drama view discover watch listen short time click add bookmark later sherwood web murder revenge spirals fractured community video 57 minutes sherwood web murder revenge spirals fractured community attribution bbc one 57 mins top 25 live lounge covers time audio 60 minutes top 25 live lounge covers time attribution bbc radio 1 60 mins romesh ranganathan solve murder rapper tupac shakur video 59 minutes romesh ranganathan solve murder rapper tupac shakur attribution bbc two 59 mins fred takes stage first ever uk headline performance video 74 minutes fred takes stage first ever uk headline performance attribution bbc radio 1 74 mins rise fall oasis fascinating sibling rivalry audio rise fall oasis fascinating sibling rivalry attribution bbc radio 6 music quizzes games think coffee aficionado put test attribution bbc food legendary ancient greek god attribution blue peter challenge escape castle attribution bbc bitesize national lottery draws see latest results including lotto euromillions set life thunderball check results modern slavery statement read services complaints bbc around uk scotland alba wales cymru ni home news sport earth reel worklife travel culture future music tv weather sounds terms use bbc privacy policy cookies accessibility help parental guidance contact bbc get personalised newsletters trust bbc advertise us 2024 bbc bbc responsible content external sites read approach external linking
11,https://www.bbcweb3hytmzhn5d532owbu6oqadra5z3ar726vq5kgwwn6aucdccrad.onion,
12,https://www.bbcnewsd73hkzno2ini43t4gblxvycyac5aw4gnv7t2rccijh7745uqd.onion/accessibility/,
13,https://account.bbcweb3hytmzhn5d532owbu6oqadra5z3ar726vq5kgwwn6aucdccrad.onion/account?lang=en-GB&ptrt=https://www.bbcnewsd73hkzno2ini43t4gblxvycyac5aw4gnv7t2rccijh7745uqd.onion/,
14,https://www.bbcweb3hytmzhn5d532owbu6oqadra5z3ar726vq5kgwwn6aucdccrad.onion/news,
15,https://www.bbcweb3hytmzhn5d532owbu6oqadra5z3ar726vq5kgwwn6aucdccrad.onion/sport,
16,https://www.bbcweb3hytmzhn5d532owbu6oqadra5z3ar726vq5kgwwn6aucdccrad.onion/future/earth,
17,https://www.bbcweb3hytmzhn5d532owbu6oqadra5z3ar726vq5kgwwn6aucdccrad.onion/reel,
18,https://www.bbcweb3hytmzhn5d532owbu6oqadra5z3ar726vq5kgwwn6aucdccrad.onion/worklife,
19,https://www.bbcweb3hytmzhn5d532owbu6oqadra5z3ar726vq5kgwwn6aucdccrad.onion/travel,
20,https://www.bbcnewsd73hkzno2ini43t4gblxvycyac5aw4gnv7t2rccijh7745uqd.onion/search?d=HOMEPAGE_PS,
21,https://www.bbcweb3hytmzhn5d532owbu6oqadra5z3ar726vq5kgwwn6aucdccrad.onion/culture,
22,https://www.bbcweb3hytmzhn5d532owbu6oqadra5z3ar726vq5kgwwn6aucdccrad.onion/future,
23,https://www.bbcweb3hytmzhn5d532owbu6oqadra5z3ar726vq5kgwwn6aucdccrad.onion/culture/music,
24,https://www.bbcnewsd73hkzno2ini43t4gblxvycyac5aw4gnv7t2rccijh7745uqd.onion/schedules/p00fzl9m,
25,https://www.bbcweb3hytmzhn5d532owbu6oqadra5z3ar726vq5kgwwn6aucdccrad.onion/weather,
26,https://www.bbcnewsd73hkzno2ini43t4gblxvycyac5aw4gnv7t2rccijh7745uqd.onion/sounds,
27,https://canvas-story.bbcrewind.co.uk/the-most-emotional-live-lounges-radio-1/,
28,https://bbcnews.onelink.me/eB56/iabywdvj?at_mid=kEWOWsBF3O&at_campaign=News_app_download&at_medium=display_ad&at_campaign_type=owned&at_audience_id=all_map_aud&at_product=news&at_brand=app_download&at_ptr_name=bbc&at_ptr_type=media&at_format=banner&at_objective=acquisition&at_link_title=News_app_download&at_bbc_team=BBC,
29,https://downloads.bbcnewsd73hkzno2ini43t4gblxvycyac5aw4gnv7t2rccijh7745uqd.onion/aboutthebbc/reports/pdf/bbcmsa2023.pdf,
30,https://www.bbcnewsd73hkzno2ini43t4gblxvycyac5aw4gnv7t2rccijh7745uqd.onion/usingthebbc/terms,
31,https://www.bbcnewsd73hkzno2ini43t4gblxvycyac5aw4gnv7t2rccijh7745uqd.onion/aboutthebbc,
32,https://www.bbcweb3hytmzhn5d532owbu6oqadra5z3ar726vq5kgwwn6aucdccrad.onion/usingthebbc/privacy,
33,https://www.bbcweb3hytmzhn5d532owbu6oqadra5z3ar726vq5kgwwn6aucdccrad.onion/usingthebbc/cookies,
34,https://www.bbcnewsd73hkzno2ini43t4gblxvycyac5aw4gnv7t2rccijh7745uqd.onion/accessibility,
35,https://www.bbcnewsd73hkzno2ini43t4gblxvycyac5aw4gnv7t2rccijh7745uqd.onion/iplayer/guidance,
36,https://www.bbcnewsd73hkzno2ini43t4gblxvycyac5aw4gnv7t2rccijh7745uqd.onion/contact,
37,https://www.bbcnewsd73hkzno2ini43t4gblxvycyac5aw4gnv7t2rccijh7745uqd.onion/bbcnewsletter,
38,https://www.bbcnewsd73hkzno2ini43t4gblxvycyac5aw4gnv7t2rccijh7745uqd.onion/news/help-41670342,
39,https://www.bbcglobalnews.com/home/,
40,https://www.bbcnewsd73hkzno2ini43t4gblxvycyac5aw4gnv7t2rccijh7745uqd.onion/editorialguidelines/guidance/feeds-and-links,
41,http://zqktlwiuavvvqqt4ybvgvi7tyo4hjl5xgfuvpdf6otjiycgwqbym2qad.onion/,
42,http://answerszuvs3gg2l64e6hmnryudl5zgrmwm3vh65hzszdghblddvfiqd.onion/,
43,http://dreadytofatroptsdj6io7l3xptbet6onoyno2yv7jicoxknyazubrad.onion ,
44,http://torlinksge6enmcyyuxjpjkoouw4oorgdgeo7ftnq3zodj7g2zxi3kyd.onion/,torlinks onion link list hidden wiki deep web onion urls onionland tor linklist torlinks onion link list commercial links financial services commercial services drugs domain services erotic gambling non commercial links services hacking warez erotic forums blogs social others non english torlinks moderated replacement hidden wiki serves link url list tor hidden services feel free copy deep web link list directory website make others aware darknet regulary update tor onion sites site financial services commercial links card house darknet 1 cloned digital cc provider since 2014 worldwide atm online carding fish n pal place paypal accounts good balances buy fix financial situation awhile bitcards oldest cc vendor high quality pre paid debit cards pin good customer service best deals plasticsharks stolen credit cards paypal login information sale clean information reselled data kryptopaypal paypal cashout service get account balance back bitcoin monero cash cow deepweb marketplace complete range products items provided independent vendors king cashout buy reliable cashapp paypal google pay apple pay payoneer venmo skrill transfers walt cards gift card reseller since 2013 itunes amazon google play gamestop ebay gift cards counterfeit factory biggest marketplace selling counterfeit bills deepweb high quality counterfeits queens cash buy pre shredded usd euro currency fraction value sell real cash imperial market prepaid cloned cards paypal western union transfers gift cards visa amazon λ commercial services commercial links cardedstore electronics purchased carded giftcards everything brand new full escrow accepted white rabbit information security expert social engineer certified pen tester digital investigator euroguns 1 european arms dealer number one guns dealer onionland buy guns ammo bitcoin cryptohackers cryptohackers cybersecurity oriented driven group hackers providing hacking services fakeid team high quality eu us aus fake passports id cards driver licenses documents usfakeids high quality usa fake drivers licenses drivers licenses states real holograms kamagra bitcoin viagra cheaper quality original viagra pills cheap prices storex samsung kinds products escrow buy original samsung products retailer without vat taxes apples4bitcoin iphones bitcoin ipads bitcoin apple products bitcoin cheap apple products bitcoin onion identity services selling passports id cards bitcoins get fake passport new identity today mobile store buy apple samsung phones bitcoin factory unlocked iphones smartphones λ drugs commercial links bestbenzos us seller benzos ketamine liquid 2cb vials canket moonrock mdma usa domestic delivery charlieuk charlieuk established name dnms responsive seller consistent high quality cocaine drugstar trading since 2016 offering lsd mdma ketamine 2c b shipping worldwide netherlands exclusivepharma drug store uk based vendor benzos viagra pharmaceuticals trading since 2020 heinekenexpress one longest vendors darkweb selling cocaine lsd weed heroin mdma ketamine spitzenkörper established magic mushroom vendor dry mushrooms cultures extracts swabs usa nextgeneration uk based vendor weed mdma ketamine cocaine speed trading since 2014 also ships eu smokersco smokersco company founded 2016 selling best hashish weed europe weareamsterdam reputable vendor selling stimulants cannabis hashish ecstasy dissociatives psychedelics λ domain services commercial links incognet incognet privacy focused isp service us netherlands commitment free speech λ erotic commercial links celebrity underground celebrity leaked photos forum icloud hacks paparazzi photos nude celebs λ gambling commercial links mbit casino register 15 seconds start playing bitcoin games λ services non commercial links tor link lists search engines duckduckgo hidden service searches clearnet ahmia fi clearnet search engine tor hidden services torch tor search engine claims index around 1 1 million pages oniondir oniondir link directory rating system reviews tor66 search engine catalog dark web websites know hidden services onionland search discover hidden services access tor onion sites immortal darknet search engine onion link directory email messaging mail2tor mail2tor free anonymous e mail service made protect privacy torbox hidden mailbox service accessible tor without connection public internet protonmail swiss based e mail service encrypts e mails locally browser free paid accounts cock li free needs javascript 27 different email domains choose vincent canfield owner refused provide access us government past see danwin1210 daniel winzen personal site offers free public email javascript onion mail onion mail free encrypted anonymous email provider dnmx dnmx dark net mail exchange free use email service works like gmail ymail care never ask information reveal identity dark net hosting website developing freedom hosting reloaded anonymous freehosting php mysql support kaizushi little onion server darknet hosting secure gentoo hardened platform sporestack api driven vps hosting bitcoin clearnet hidden tor hosting daniel hosting free hosting solution non commercial personal project bitvps anonymous vps hosting accepting bitcoin many cryptocurrencies kowloon hosting offers virtual hosting onion domain name creation low prices file uploaders securedrop share accept documents securely blackcloud tor hidden service upload share files stronghold paste simple pastebin zerobin zerobin minimalist opensource online pastebin server zero knowledge pasted data image hosting upload images photos free image hosting image upload multiple file formats accepted whistleblowing wikileaks wikileaks international non profit organisation publishes news leaks classified media provided anonymous sources securedrop open source whistleblower submission system managed freedom press foundation active darknet markets onion set police judicial authorities netherlands listing active identified arrested darknet market operators blackhost blackhost small website focused technology security offering open source programs free anonymous services available also dark side web λ hacking non commercial links riseup riseup provides online communication tools people groups working liberatory social change defcon home hacking conferences tech learning collective technology education radical organizers revolutionary communities relatelist find relations 5 962 991 organizations 45 455 382 persons hell forum hell reloaded back ransomware group sites slight simple website listing active leak sites ransomware groups wizardry steamworks technology based wiki covering bunch computer oriented topics software λ warez non commercial links audio music streams deepweb radio radioservice operating tor video movies tv pirate bay deepweb version famous torrent site books imperial library trantor close one million books comic book library total comics 2484 bible4u uncensored bible darknet anarchist books free library anarchist books pdf bible several links downloading versions bible libraries complete list λ erotic non commercial links xcomics adult comics λ forums non commercial links dread dread reddit like dark web discussion forum featuring news discussions around darknet markets stock insiders oldest largest insider trading forum community exchanging insider information publicly traded companies recon market forum anongts anonymous gts forum 8chan moe infinitely expanding imageboard endchan imageboard end universe λ blogs non commercial links tor times breaking darknet market news links intercept fearless adversarial journalism holds powerful accountable superkuh much information spectrogram wireless radio beneath vt exploring virginia tech steam tunnels beyond go beyond blog politics potatoes technology tor etc config blog tech rants articles prorepublica investigative journalism news coarse enigma privacy cybersecurity blog theyosh nl free information everybody dig deeper security advices jamieweb security tutorials blog λ social non commercial links pitch pitch free tor social media platform allows users share posts follow users λ others non commercial links webpage archive onion version multilingual web archiving page archive today λ non english non commercial links brazilian radiocbs comunicações brasileira de sistemas rádio dos profissionais de tecnologia da informação finnish suomi thorlauta suomalainen markkinapaikka french francais french pool forum libre et non modéré german deutsch germania germania ist der nachfolger von deutschland im deep web 3 entstanden zusammenarbeit mit cebulka greek ελληνικά italian italiano pierov blog italiano sulla tecnologia japanese 日本語 鏡の向こうへ 個人ミニブログ korean 한국어 cactus forum 선인장 포럼 한국의 대마초 나눔 합법화 그리고 기타 약에 대한 토론 discussion cannabis legalizing drugs korea chinese 中国語 仰止 匿名问答社区 polish polski cebulka polish onion forum pgp authorization escrow system created 2013 fall polish board market renewed 2016 russian усский rutor главный форум черного рынка verified российский мультифорум ros российский новостной сайт и многое другое spanish español elbinario publicación comunitaria autogestionada portuguese portugu swedish svenska turkish türk shadow forum türkçe forum sitelerinden biri daha λ report missing broken links scams please use message center
45,http://cardht5mmdumnsnmj2jegwyrct2mzxlnazqwk4wtnzjezfq7bwijb6yd.onion/,
46,http://56dlutemceny6ncaxolpn6lety2cqfz5fd64nx4ohevj4a7ricixwzad.onion/,
47,http://bitcardshwnfg5ikvdgvwacotaxkiwbccrye6pbfjm7xckwl6mssq4ad.onion/,
48,http://sharksp64elqkesxjgnwd73qqje3mpvhploeunhpyo6g745mgrayl2qd.onion/,
49,http://kptv3bqspwhe33ypttpblrbwmjt5la3xco6iuvzcfyldvksw2fc6pwyd.onion/,
50,http://hssza6r6fbui4x452ayv3dkeynvjlkzllezxf3aizxppmcfmz2mg7uad.onion/,
51,http://kingxgja6o7zl3fyiuw2cafyuwp2lfxhoozs3lj2sdftdfzb53hy5zqd.onion/,
52,http://waltc5t7hd6kp2rhwf2onyamo2o3qag6cfuv27yquwo3uaasxupnazqd.onion/,
53,http://count2vxqhf7r4wvhqbaueimgfdp73f6xbawwe2dvkxcso7t475j45ad.onion/,
54,http://queenca6q2msuakzse7dymq5uw2gvigflouwb76a5nxsgpz2zsaf5tad.onion/,
55,http://imperialk4trdzxnpogppugbugvtce3yif62zsuyd2ag5y3fztlurwyd.onion/,
56,http://cardedstpc2w3yundoap56eniappn45ll6hfxj2iadmcklc4kldjv4yd.onion/,
57,http://wrabbitzqridxnvqevem4hayi5wkbeauqbt66v4dabm5y3gmddgbcqyd.onion/,
58,http://hyjgsnkanan2wsrksd53na4xigtxhlz57estwqtptzhpa53rxz53pqad.onion/,
59,http://cryptobcgaxxj35k3yvcyaaxm5c6si5sufq4sck3pgxlbu6qt23goqqd.onion/,
60,http://fakeid6mmmaqes6odqilvawtfkfwydu47a2cp77uvtrxck5m4p6wo6yd.onion/,
61,http://7wsvq2aw5ypduujgcn2zauq7sor2kqrqidguwwtersivfa6xcmdtaayd.onion/,
62,http://bepig5bcjdhtlwpgeh3w42hffftcqmg7b77vzu7ponty52kiey5ec4ad.onion/,
63,http://storexuqpa5j44scdnem6n6etfqwnka4hvw4l3cv566dsldbfrit6eqd.onion/,
64,http://awsvrc7occzj2yeyqevyrw7ji5ejuyofhfomidhh5qnuxpvwsucno7id.onion/,
65,http://endtovmbc5vokdpnxrhajcwgkfbkfz4wbyhbj6ueisai4prtvencheyd.onion/,
66,http://ez37hmhem2gh3ixctfeaqn7kylal2vyjqsedkzhu4ebkcgikrigr5gid.onion/,
67,http://hyxme2arc5jnevzlou547w2aaxubjm7mxhbhtk73boiwjxewawmrz6qd.onion/,
68,http://charlyuklqm45jjwxwichotzub2ua4uflixvbioleyfuixz57q5lahqd.onion/,
69,http://drugstr7hmre66jdnmxjlcmaok55ayqwgpgufuth4z6zjlififx3u4id.onion/,
70,http://exclusivja3om5uz3y5qg7qcct7vvhnaitsyx2hoy7utjky3kgv2bpid.onion/,
71,http://heinekexxo77vjgmasoq3xqxqwndq74iq7grpqw3bfvdpb6vcmf2kcqd.onion/,
72,http://d4giq7b2ez4m4bsuot2h36jacbo3pgqvft4lyg5ovmrm4eyguvcnpdyd.onion/,
73,http://nextgenuxioipgxqs5ibsg6aofnwjflentjn4pmqp25h3guc6dwnanyd.onion/,
74,http://cxhxevlonvjmzxma67rizsjvddicj7hqvjqk5a5wfu3373oqb2zafwyd.onion/,
75,http://amstrdam6ono3am4mwhp6hpn3e7mxtrjoixrq4t6g347mixuefwk26ad.onion/,
76,http://incoghostm2dytlqdiaj3lmtn7x2l5gb76jhabb6ywbqhjfzcoqq6aad.onion/,
77,http://hades2zhljgorcyrb5zc3ifdnjvjicjoxfmxcviq7mm4h477a3wg6fid.onion/,
78,https://www.mbitcasino.com/,
79,http://duckduckgogg42xjoc72x3sjasowoarfbgcmvfimaftt6twagswzczad.onion/,
80,http://juhanurmihxlp77nkq76byazcldy2hlmovfu2epvl5ankdibsot4csyd.onion/,
81,http://xmh57jrknzkhv6y3ls3ubitzfqnkrwxhopf5aygthi7d6rplyvk3noyd.onion/,
82,http://oniondirgp4grmuzsdnmc4gban4bggpi3u7l75fud2ospwzukrjymjyd.onion/,
83,http://tor66sewebgixwhcqfnp5inzp5x5uohhdy3kvtnyfxc2e5mxiuh34iid.onion/,
84,http://3bbad7fauom4d6sgppalyqddsqbf5u5p56b5k5uk2zxsy3d6ey2jobad.onion/,
85,http://immortal3u4qce76cxfa4uaqdb7riyrokqarrypdv7cyukedw3wxwiad.onion/,
86,http://mail2torjgmxgexntbrmhvgluavhj7ouul5yar6ylbvjkxwqf6ixkwyd.onion/,
87,http://torbox36ijlcevujx7mjb4oiusvwgvmue7jfn2cvutwa6kl6to3uyqad.onion/,
88,http://protonmailrmez3lotccipshtkleegetolb73fuirgj7r4o4vfu7ozyd.onion/,
89,http://xdkriz6cn2avvcr2vks5lvvtmfojz2ohjzj4fhyuka55mvljeso2ztqd.onion/,
90,https://www.dailymail.co.uk/news/article-3367044/Maine-college-drop-21-center-hoax-terrorist-threat-emails-New-York-Las-Vegas-issue-subpoenas-former-student-claims-knows-origin-posts.html,
91,https://cock.li/transparency/,
92,http://danielas3rtn54uwmofdo3x2bsdifr47huasnmbgqzfrec5ubupvtpid.onion/mail/,
93,http://pflujznptk5lmuf6xwadfqy6nffykdvahfbljh7liljailjbxrgvhfid.onion/,
94,http://dnmxjaitaiafwmss2lx7tbs5bv66l7vjdmb5mtb3yqpxqhk3it5zivad.onion/,
95,http://fhostingineiwjg6cppciac2bemu42nwsupvvisihnczinok362qfrqd.onion/,
96,http://kaizushih5iec2mxohpvbt5uaapqdnbluaasa2cmsrrjtwrbx46cnaid.onion/,
97,http://spore64i5sofqlfz5gq2ju4msgzojjwifls7rok2cti624zyq3fcelad.onion/,
98,http://dhosting4xxoydyaivckq7tsmtgi4wfs3flpeyitekkmqwu4v4r46syd.onion/,
99,http://bitvpsj2ojxo7faned27wmpqiss3pny7m7bptwtnegl7fswjrxwtmxid.onion/,
100,http://kowloon5ddwuqwlqckuibv4fxw6m3a6ymk5kinigbjsgjcly346dh7qd.onion/,
101,http://sdolvtfhatvsysc6l34d65ymdwxcujausv7k5jk4cy5ttzhjoi6fzvyd.onion/,
102,http://bcloudwenjxgcxjh6uheyt72a5isimzgg4kv5u74jb2s22y3hzpwh6id.onion/,
103,http://strongerw2ise74v3duebgsvug4mehyhlpa7f6kfwnas7zofs3kov7yd.onion/,
104,http://zerobinftagjpeeebbvyzjcqyjpmjvynj5qlexwyxe7l3vqejxnqv5qd.onion/,
105,http://uoxqi4lrfqztugili7zzgygibs4xstehf5hohtkpyqcoyryweypzkwid.onion/,
106,http://oju4yn237c6hjh42qothvpreqecnqjhtvh4sgn3fqmsdvhu5d5tyspid.onion/,
107,http://www.wikileaks.org/,
108,http://tcecdnp2fhyxlcrjoyc2eimdjosr65hweut6y7r2u6b5y75yuvbkvfyd.onion/,
109,http://blackhost7pws76u6vohksdahnm6adf7riukgcmahrwt43wv2drvyxid.onion/,
110,http://vww6ybal4bd7szmgncyruucpgfkqahzddi37ktceo3ah7ngmcopnpyyd.onion/,
111,http://g7ejphhubv5idbbu3hb3wawrs5adw7tkx7yjabnf65xtzztgg4hcsqqd.onion/,
112,http://lpiyu33yusoalp5kh3f4hak2so2sjjvjw5ykyvu2dulzosgvuffq6sad.onion/,
113,http://relateoak2hkvdty6ldp7x67hys7pzaeax3hwhidbqkjzva3223jpxqd.onion/,
114,http://hell2ker5i3xsy6szrl2pulaqo3jhcz6pt7ffdxtuqjqiycvmlkcddqd.onion/,
115,http://ransomwr3tsydeii4q43vazm7wofla5ujdajquitomtd47cxjtfgwyyd.onion/,
116,http://3wymlmcsvxiaqzmbepsdawqpk6o2qsk65jhms72qqjulk5u4bgmvs3qd.onion/,
117,http://anonyradixhkgh5myfrkarggfnmdzzhhcgoy2v66uf7sml27to5n2tid.onion/,
118,http://piratebayo3klnzokct3wt5yyxb2vpebbuyjl7m623iaxmqhsd52coid.onion/,
119,http://kx5thpx2olielkihfyo4jgjqfb7zx7wxr3sd4xzt26ochei4m6f7tayd.onion/,
120,http://nv3x2jozywh63fkohn5mwp2d73vasusjixn3im3ueof52fmbjsigw6ad.onion/,
121,http://bible4u2lvhacg4b3to2e2veqpwmrc2c3tjf2wuuqiz332vlwmr4xbad.onion/,
122,http://7waci3lpg2exi5njh47eabg6ssdq6dbcpdd3jroomh2jfkx64rigppyd.onion/,
123,http://zqktlwiuavvvqqt4ybvgvi7tyo4hjl5xgfuvpdf6otjiycgwqbym2qad.onion/wiki/Bible,
124,http://zqktlwiuavvvqqt4ybvgvi7tyo4hjl5xgfuvpdf6otjiycgwqbym2qad.onion/wiki/Libraries,
125,http://xcomics5vvoiary2.onion/,
126,http://dreadytofatroptsdj6io7l3xptbet6onoyno2yv7jicoxknyazubrad.onion/,
127,http://thestock6nonb74owd6utzh4vld3xsf2n2fwxpwywjgq7maj47mvwmid.onion/,
128,http://recon222tttn4ob7ujdhbn3s4gjre7netvzybuvbq2bcqwltkiqinhad.onion/,
129,http://eux4gt4qcaiesps5w5rppxcenoe5shapwycums5yuiikmc4mpc74gpyd.onion/,
130,http://4usoivrpy52lmc4mgn2h34cmfiltslesthr56yttv2pxudd3dapqciyd.onion/,
131,http://enxx3byspwsdo446jujc52ucy2pf5urdbhqw3kbsfhlfjwmbpj5smdad.onion/,
132,http://tortimeswqlzti2aqbjoieisne4ubyuoeiiugel2layyudcfrwln76qd.onion/,
133,https://27m3p2uv7igmj6kvd4ql3cct5h3sdwrsajovkkndeufumzyfhlfev4qd.onion/,
134,http://superkuhf6grlngvhaelkgaem6i4phmzd7rekeguphwbplhk3fanpjqd.onion/,
135,http://bvten5svsltfpxrxl72ukqxixwo2m5ek5svmcxgrmkta4tbmiemuibid.onion/,
136,http://potatoynwcg34xyodol6p6hvi5e4xelxdeowsl5t2daxywepub32y7yd.onion/,
137,http://xjfbpuj56rdazx4iolylxplbvyft2onuerjeimlcqwaihp3s6r4xebqd.onion/,
138,http://p53lf57qovyuvwsc6xnrppyply3vtqm7l6pcobkmyqsiofyeznfu5uqd.onion/,
139,http://cgjzkysxa4ru5rhrtr6rafckhexbisbtxwg2fg743cjumioysmirhdad.onion/,
140,http://theyoshxgvcjm4s2xdt6zcjym4kgskibrlos6fai26yes4bhpia5z7qd.onion/,
141,http://digdeep4orxw6psc33yxa2dgmuycj74zi6334xhxjlgppw6odvkzkiad.onion/,
142,http://jamie3vkiwibfiwucd6vxijskbhpjdyajmzeor4mc4i7yopvpo4p7cyd.onion/,
143,http://pitchprash4aqilfr7sbmuwve3pnkpylqwxjbj2q5o4szcfeea6d27yd.onion/,
144,http://archiveiya74codqgiixo33q62qlrqtkgmcitqx5u2oeqnmn5bpcbiyd.onion/,
145,http://cbsrdi4vw4orqehzp2f4a4z36pmqbr2jsbf3piofifncqdnbx6movryd.onion/,
146,http://sipulitiepbdalnatudqhfp3gngna37xylawfnk4ywk2ohm64c2mfayd.onion/,
147,http://jkie5viyrmymttownlksylz5vipyxxvs6qgy2yybgbssoiuf7a7klpqd.onion/,
148,http://germania7zs27fu3gi76wlr5rd64cc2yjexyzvrbm4jufk7pibrpizad.onion/,
149,http://pierovggsterf4w5xplynqtl56srftc242l3g2xloqlty6nv7372xuyd.onion/,
150,http://gpvdip7rd7bdy5gf7scl3rzgzgzckqw4sqxbmy6g3zijfwu4lz3ypbyd.onion/,
151,http://ctmrktxxkrmu23xdvadockv2rjrou7daomrejw2iaczrw7yvc5lhttqd.onion/,
152,http://qqa5lomay6bqcmwr23urhajtfwuvxp7nczx4enqvetme6uryxrthrwad.onion/,
153,http://cebulka7uxchnbpvmqapg5pfos4ngaxglsktzvha7a5rigndghvadeyd.onion/,
154,http://rutordeepkpafpudl22pbbhzm4llbgncunvgcc66kax55sc4mp4kxcid.onion/,
155,http://verified3vr2kdbnza6c3e5ak4z5xmtti4hx36dfg3kbi6pwekztvsqd.onion/,
156,http://rospraa4xvtuscgl357uxizzvhgpjetxnri4gi5qzggvmaoeu6witiid.onion/,
157,http://binarioyaotcowtdct7xedbyzsanekob3v5gn4dhku3zmtnu43bqc3ad.onion/,
158,http://w4ljqtyjnxinknz4hszn4bsof7zhfy5z2h4srfss4vvkoikiwz36o3id.onion/,
159,http://libraryfyuybp7oyidyya3ah5xvwgyx6weauoini7zyz555litmmumad.onion,another library download ebooks images videos audiobooks another library books gallery courses audiobooks chat upload toggle theme light dark auto new visual search engine explore visual search introducing semantic search books try semantic search advanced search books onions articles images videos audiobooks downloaded books week view 91 72 31 19 17 15 13 13 12 11 10 10 9 9 9 8 8 8 7 7 7 7 6 6 filters book filters title author publisher tag lang eng deu por fra spa pdate identifiers isbn examples madame bovary lang fra publisher sage publications author rand ayn title revolta de atlas pdate 2023 lang eng el error de descartes damasio 9788842079644 close
